id;member_name;pnr_number;check_in_status
1;Principal CSS Buckinghamshire;Salad Gabon cutting-edge;HDD multi-byte
2;copy Stream Networked;Denar Plastic indexing;local Shoes
3;Enterprise-wide;Self-enabling Iowa bypass;Forward matrix Borders
4;Liaison Denmark;system;Grove Reverse-engineered Auto Loan Account
5;adapter Computers;applications Integrated;generating heuristic Unbranded
6;Ergonomic;Michigan;compress Rustic
7;Plastic Incredible;Forward Decentralized withdrawal;Factors Small Rubber Chair Brand
8;Metal;metrics tertiary;deposit feed
9;empower Texas 1080p;systematic;navigating
10;capacitor Concrete Plain;Brazil;monitor Hat synthesize
